record_type,iteration,objective,delay_cost,bound,gap,runtime_sec,selected_order_count,assignments_json
validated,1,0.0,0.0,1e+100,1e+100,0.0009999275207519531,0,"{""1"": [], ""2"": [], ""3"": []}"
validated,2,4800.699799138531,189.62061,11529.257852493743,1.4015785895553456,0.011999845504760742,10,"{""1"": [2, 3, 12], ""2"": [1, 4, 7, 8], ""3"": [6, 9, 13]}"
validated,3,5193.484016960276,672.0528987,6008.9535347751835,0.15701781600787493,0.05799984931945801,11,"{""1"": [2, 11, 12], ""2"": [1, 7, 10, 15], ""3"": [6, 8, 9, 13]}"
validated,4,5426.822133930758,63.6799833,5814.97421746188,0.07152474762425551,0.12099981307983398,10,"{""1"": [5, 11, 12], ""2"": [1, 4, 7, 10], ""3"": [3, 6, 8]}"
validated,5,5596.146311911959,178.6996434,5734.452525824631,0.024714545725560047,0.1679999828338623,10,"{""1"": [2, 5, 12], ""2"": [1, 4, 7, 10], ""3"": [3, 6, 8]}"
validated,6,5627.113253857705,346.6806555,5650.515187571167,0.004158781360481587,0.21399998664855957,10,"{""1"": [2, 5, 12], ""2"": [1, 4, 7, 10], ""3"": [3, 8, 9]}"
validated,7,5627.113411587067,346.6806555,5650.515187571167,0.004158753213665848,0.22899985313415527,10,"{""1"": [2, 5, 12], ""2"": [1, 4, 7, 10], ""3"": [3, 8, 9]}"
final_result,final,5627.113411587067,346.6806555,5627.113411587068,1.6162722078786305e-16,0.24699997901916504,10,"{""1"": [2, 5, 12], ""2"": [1, 4, 7, 10], ""3"": [3, 8, 9]}"
