record_type,iteration,objective,delay_cost,bound,gap,runtime_sec,selected_order_count,assignments_json
validated,1,0.0,0.0,1e+100,1e+100,0.0,0,"{""1"": [], ""2"": [], ""3"": []}"
validated,2,1278.3244636096947,338.455894085694,10739.174382319192,7.400976972617913,0.05499982833862305,2,"{""1"": [], ""2"": [], ""3"": [12, 17]}"
validated,3,5879.612851698512,3489.020497762172,10507.362419063267,0.787084062180707,0.8399999141693115,14,"{""1"": [9], ""2"": [2, 4, 8, 14, 18, 19, 25], ""3"": [6, 10, 12, 16, 17, 24]}"
validated,4,6318.7166969205,3589.468892089314,10322.787031333113,0.6336841049328962,1.6029999256134033,15,"{""1"": [9, 24], ""2"": [4, 8, 15, 18, 19, 21, 25], ""3"": [6, 10, 11, 12, 13, 17]}"
validated,5,6597.742986338191,3119.0621025557352,10234.031505187137,0.5511412806437795,2.1089999675750732,15,"{""1"": [9, 24], ""2"": [2, 4, 8, 14, 19, 20, 21], ""3"": [6, 10, 11, 12, 13, 17]}"
validated,6,8458.915866571038,975.294365381101,10234.031505187137,0.20985143564687928,2.313999891281128,15,"{""1"": [9, 24], ""2"": [2, 4, 8, 15, 19, 20, 21], ""3"": [6, 10, 11, 12, 13, 16]}"
validated,7,8473.279667444873,939.092313999133,9394.55479895849,0.10872710068254232,31.626999855041504,15,"{""1"": [9, 24], ""2"": [2, 4, 8, 15, 18, 19, 21], ""3"": [6, 10, 11, 12, 13, 16]}"
validated,8,8535.232581871383,314.3442119957252,9308.207050024293,0.09056278909079621,39.14299988746643,14,"{""1"": [9, 24], ""2"": [2, 4, 8, 15, 18, 19, 21], ""3"": [6, 10, 11, 12, 16]}"
final_result,final,8535.232581871383,314.3442119957252,8535.232581871389,6.393461640668153e-16,103.82699990272522,14,"{""1"": [9, 24], ""2"": [2, 4, 8, 15, 18, 19, 21], ""3"": [6, 10, 11, 12, 16]}"
