record_type,iteration,objective,delay_cost,bound,gap,runtime_sec,selected_order_count,assignments_json
validated,1,0.0,0.0,1e+100,1e+100,0.0,0,"{""1"": [], ""2"": [], ""3"": []}"
validated,2,553.6020530432709,0.0,15597.917900089185,27.17532524372704,0.2910001277923584,1,"{""1"": [], ""2"": [], ""3"": [7]}"
validated,3,9288.010061657991,4302.263411100793,15188.452820836477,0.6352752333394012,0.8919999599456787,18,"{""1"": [2, 3, 9, 10, 21], ""2"": [5, 8, 13, 15, 16, 25], ""3"": [7, 12, 17, 19, 20, 22, 23]}"
validated,4,10554.95609531221,2617.350797929741,15188.452820836477,0.43898777822317503,1.062999963760376,18,"{""1"": [2, 3, 9, 10, 21], ""2"": [5, 8, 13, 15, 16, 25], ""3"": [7, 12, 14, 17, 19, 22, 23]}"
validated,5,11062.292040337314,1206.7151504660978,15188.452820836477,0.37299329699971906,1.123000144958496,17,"{""1"": [2, 3, 9, 10, 21], ""2"": [5, 8, 13, 15, 16, 25], ""3"": [7, 12, 17, 19, 22, 23]}"
validated,6,12030.494588704445,413.31279917424325,14218.133232828772,0.18184112282285744,37.960999965667725,17,"{""1"": [1, 2, 3, 9, 10], ""2"": [5, 8, 13, 15, 16, 25], ""3"": [7, 12, 14, 17, 19, 23]}"
validated,7,12092.071467747768,195.5515980140345,13252.867131679846,0.09599642766156131,106.73600006103516,16,"{""1"": [1, 3, 9, 12], ""2"": [5, 8, 13, 15, 16, 25], ""3"": [7, 14, 17, 19, 22, 23]}"
validated,8,12120.295238540199,414.93590271258853,12974.401810958698,0.07046912270772127,190.83700013160706,15,"{""1"": [1, 3, 9, 12], ""2"": [5, 8, 13, 15, 16, 25], ""3"": [14, 17, 19, 20, 23]}"
final_result,final,12120.295238540199,414.93590271258853,12120.295238540193,4.502339343422481e-16,400.7640001773834,15,"{""1"": [1, 3, 9, 12], ""2"": [5, 8, 13, 15, 16, 25], ""3"": [14, 17, 19, 20, 23]}"
