record_type,iteration,objective,delay_cost,bound,gap,runtime_sec,selected_order_count,assignments_json
validated,1,0.0,0.0,1e+100,1e+100,0.0,0,"{""1"": [], ""2"": [], ""3"": []}"
validated,2,5532.212864162986,2987.0499803660555,8862.407221760473,0.6019642481890183,0.03399991989135742,14,"{""1"": [2, 9, 10, 13, 15, 25], ""2"": [14, 17], ""3"": [3, 6, 18, 19, 21, 23]}"
validated,3,5858.376972851756,2150.4486082962726,8510.751367664978,0.45274901343914226,0.2839999198913574,14,"{""1"": [9, 10, 13, 15, 25], ""2"": [8, 12, 14], ""3"": [3, 6, 18, 19, 20, 21]}"
validated,4,6455.667339753241,1106.025435420521,8453.879776339138,0.3095284083616172,0.44700002670288086,13,"{""1"": [9, 10, 13, 15, 25], ""2"": [8, 14], ""3"": [3, 6, 18, 19, 20, 21]}"
validated,5,6489.795275896104,1027.8544458388803,7863.143406230349,0.2116165567556543,5.800999879837036,13,"{""1"": [2, 9, 10, 15, 25], ""2"": [8, 14], ""3"": [3, 6, 18, 19, 20, 21]}"
validated,6,6853.872070910615,159.10650771404377,7779.15251631825,0.1350011257628713,6.6540000438690186,12,"{""1"": [2, 9, 10, 15], ""2"": [8, 14], ""3"": [3, 6, 18, 19, 20, 21]}"
validated,7,6897.915124349395,159.10650771404377,7509.153023131976,0.08861197735311825,6.8450000286102295,12,"{""1"": [9, 10, 13, 15], ""2"": [8, 14], ""3"": [3, 6, 18, 19, 20, 21]}"
validated,8,6902.876577688366,355.430554789399,7509.153023131976,0.0878295357913874,6.858000040054321,13,"{""1"": [2, 9, 13, 15, 25], ""2"": [8, 14], ""3"": [3, 6, 18, 19, 20, 21]}"
final_result,final,6902.876577688366,355.430554789399,6902.876577688368,3.9526769378114816e-16,10.428999900817871,13,"{""1"": [2, 9, 13, 15, 25], ""2"": [8, 14], ""3"": [3, 6, 18, 19, 20, 21]}"
