record_type,iteration,objective,delay_cost,bound,gap,runtime_sec,selected_order_count,assignments_json
validated,1,0.0,0.0,1e+100,1e+100,0.0,0,"{""1"": [], ""2"": [], ""3"": []}"
validated,2,841.2871557287708,6081.1808289,24377.246561367905,27.97613067710626,0.026000022888183594,15,"{""1"": [2, 5, 7, 14, 24, 25], ""2"": [4, 8, 12], ""3"": [3, 6, 16, 19, 22, 23]}"
validated,3,5532.21280082904,2987.0500437000005,8861.71224476805,0.6018386428374668,0.08599996566772461,14,"{""1"": [2, 9, 10, 13, 15, 25], ""2"": [14, 17], ""3"": [3, 6, 18, 19, 21, 23]}"
validated,4,5555.552926469303,2636.4936966,8631.859965140988,0.5537355290082272,0.17799997329711914,14,"{""1"": [2, 10, 13, 15, 25], ""2"": [8, 9, 14], ""3"": [3, 6, 18, 19, 20, 21]}"
validated,5,6455.667328473763,1106.0254467,8452.344324497517,0.3092905650848965,0.41700005531311035,13,"{""1"": [9, 10, 13, 15, 25], ""2"": [8, 14], ""3"": [3, 6, 18, 19, 20, 21]}"
validated,6,6469.678815891241,666.782112,7787.106156961147,0.2036310269118701,3.871999979019165,13,"{""1"": [2, 9, 13, 15, 20, 25], ""2"": [8, 14], ""3"": [3, 6, 18, 19, 21]}"
validated,7,6902.876513477758,355.430619,7787.106156961147,0.12809582233681052,3.998000144958496,13,"{""1"": [2, 9, 13, 15, 25], ""2"": [8, 14], ""3"": [3, 6, 18, 19, 20, 21]}"
final_result,final,6902.876513477758,355.430619,6902.8765134777595,2.635117983052874e-16,8.47000002861023,13,"{""1"": [2, 9, 13, 15, 25], ""2"": [8, 14], ""3"": [3, 6, 18, 19, 20, 21]}"
