record_type,iteration,objective,delay_cost,bound,gap,runtime_sec,selected_order_count,assignments_json
validated,1,0.0,0.0,1e+100,1e+100,0.0009999275207519531,0,"{""1"": [], ""2"": [], ""3"": []}"
validated,2,8429.261981343187,1675.4172525000001,29122.12120311772,2.454883863803835,0.03699994087219238,15,"{""1"": [1, 6, 9, 11, 24], ""2"": [8, 10, 13, 16, 25], ""3"": [5, 7, 14, 20, 23]}"
validated,3,10745.872955985264,1468.423878,13382.900530595058,0.24539910209351729,0.4309999942779541,16,"{""1"": [2, 3, 9, 10, 24], ""2"": [5, 8, 13, 15, 16, 25], ""3"": [7, 14, 17, 19, 20]}"
validated,4,11048.44797997285,635.4316398000001,13260.914543859511,0.2002513446139335,1.4219999313354492,15,"{""1"": [3, 9, 10, 24], ""2"": [5, 8, 13, 15, 16, 25], ""3"": [7, 14, 17, 19, 20]}"
validated,5,11055.874325408307,1740.4675659,13216.021384819294,0.19538455266686564,1.9140000343322754,14,"{""1"": [3, 9, 12, 21, 25], ""2"": [8, 13, 15, 16], ""3"": [5, 14, 17, 19, 20]}"
validated,6,11168.92184415595,242.643891,13216.021384819294,0.1832853313173172,2.007999897003174,15,"{""1"": [3, 9, 10, 24], ""2"": [5, 8, 13, 15, 16, 25], ""3"": [7, 14, 19, 20, 23]}"
validated,7,11296.777797625627,853.6644987,13216.021384819294,0.16989301034114843,3.0269999504089355,15,"{""1"": [1, 3, 9, 24, 25], ""2"": [5, 8, 13, 15, 16], ""3"": [7, 14, 19, 20, 23]}"
validated,8,12120.295301452788,414.9358398,13216.021384819294,0.0904042398401933,3.374000072479248,15,"{""1"": [1, 3, 9, 12], ""2"": [5, 8, 13, 15, 16, 25], ""3"": [14, 17, 19, 20, 23]}"
final_result,final,12120.295301452788,414.9358398,12120.295301452785,3.001559546701515e-16,9.955999851226807,15,"{""1"": [1, 3, 9, 12], ""2"": [5, 8, 13, 15, 16, 25], ""3"": [14, 17, 19, 20, 23]}"
