record_type,iteration,objective,delay_cost,bound,gap,runtime_sec,selected_order_count,assignments_json
validated,1,0.0,0.0,1e+100,1e+100,0.0,0,"{""1"": [], ""2"": [], ""3"": []}"
validated,2,9162.881675683277,1288.170294,23469.486635367808,1.5613652414231014,0.029000043869018555,14,"{""1"": [3, 6, 17, 19], ""2"": [4, 5, 11, 13, 18, 20], ""3"": [1, 2, 9, 16]}"
validated,3,9164.855735772837,3284.8408602,12316.04786578626,0.3438343407538314,0.21399998664855957,15,"{""1"": [6, 7, 17, 19], ""2"": [1, 3, 8, 11, 13, 14, 15], ""3"": [2, 9, 12, 16]}"
validated,4,10416.850832340633,985.2427734,12101.1094574707,0.16168596941995567,0.4200000762939453,13,"{""1"": [3, 6, 17, 19], ""2"": [7, 8, 11, 13, 14], ""3"": [2, 9, 12, 16]}"
validated,5,10885.807590572698,873.6657195,12101.1094574707,0.11164094687384288,0.49699997901916504,13,"{""1"": [6, 17, 19], ""2"": [1, 3, 8, 13, 14, 15], ""3"": [2, 9, 12, 16]}"
validated,6,11141.192406971819,143.192946,11670.242154465512,0.04748591785944112,1.7780001163482666,13,"{""1"": [6, 17, 19], ""2"": [5, 8, 11, 12, 13, 15], ""3"": [2, 3, 9, 16]}"
validated,7,11278.398384088405,67.82946480000001,11670.242154465512,0.034742855947518324,2.057000160217285,13,"{""1"": [6, 17, 19], ""2"": [5, 8, 12, 13, 14, 15], ""3"": [2, 3, 9, 16]}"
final_result,final,11278.398384088405,67.82946480000001,11278.398384088403,1.612808256633399e-16,4.463000059127808,13,"{""1"": [6, 17, 19], ""2"": [5, 8, 12, 13, 14, 15], ""3"": [2, 3, 9, 16]}"
