record_type,iteration,objective,delay_cost,bound,gap,runtime_sec,selected_order_count,assignments_json
validated,1,0.0,0.0,1e+100,1e+100,0.0,0,"{""1"": [], ""2"": [], ""3"": []}"
validated,2,5532.21280082904,2987.0500437000005,8862.407221760473,0.6019642665286449,0.05000019073486328,14,"{""1"": [2, 9, 10, 13, 15, 25], ""2"": [14, 17], ""3"": [3, 6, 18, 19, 21, 23]}"
validated,3,5718.583224519774,2454.1421328,8549.183357877599,0.4949827644758161,0.3380000591278076,14,"{""1"": [2, 9, 10, 13, 15, 25], ""2"": [12, 14], ""3"": [3, 6, 18, 19, 21, 23]}"
validated,4,6011.029517696494,2076.7100616000002,8549.183357877599,0.4222494387540055,0.3680000305175781,14,"{""1"": [2, 9, 10, 13, 15, 25], ""2"": [8, 14], ""3"": [3, 6, 18, 19, 21, 23]}"
validated,5,6267.576568495577,1331.1534873,8341.51130745799,0.33089898723969235,1.5759999752044678,15,"{""1"": [2, 9, 13, 14, 15, 25], ""2"": [4, 8, 11], ""3"": [3, 6, 18, 19, 21, 23]}"
validated,6,6902.876513477758,355.430619,8196.327590255987,0.18737856229251482,4.390000104904175,13,"{""1"": [2, 9, 13, 15, 25], ""2"": [8, 14], ""3"": [3, 6, 18, 19, 20, 21]}"
final_result,final,6902.876513477758,355.430619,6902.876513477803,6.5877949576321855e-15,11.430000066757202,13,"{""1"": [2, 9, 13, 15, 25], ""2"": [8, 14], ""3"": [3, 6, 18, 19, 20, 21]}"
