record_type,iteration,objective,delay_cost,bound,gap,runtime_sec,selected_order_count,assignments_json
validated,1,0.0,0.0,1e+100,1e+100,0.0,0,"{""1"": [], ""2"": [], ""3"": [], ""4"": [], ""5"": []}"
validated,2,7537.964205577975,2429.3819028,43774.70371133217,4.807231570420509,0.08999991416931152,26,"{""1"": [], ""2"": [4, 9, 14, 28, 34, 40, 41], ""3"": [5, 15, 16, 24, 29], ""4"": [1, 2, 3, 6, 7, 8, 19, 38], ""5"": [11, 12, 13, 23, 25, 26]}"
validated,3,15030.783272299357,375.3586404,15874.81424556496,0.05615349233470023,0.13700008392333984,30,"{""1"": [26, 33], ""2"": [3, 5, 24, 32, 39, 40, 43, 45], ""3"": [15, 16, 29, 31], ""4"": [1, 6, 8, 19, 21, 23, 27, 36, 37, 42], ""5"": [11, 12, 22, 25, 30, 44]}"
validated,4,15267.871064767443,375.3586404,15874.81424556496,0.039752967406052754,0.23099994659423828,30,"{""1"": [26, 33], ""2"": [3, 5, 24, 32, 39, 40, 43, 45], ""3"": [15, 16, 29, 31], ""4"": [6, 8, 11, 19, 21, 23, 27, 36, 37, 42], ""5"": [12, 13, 22, 25, 30, 44]}"
validated,5,15454.07505586204,298.4600844,15626.166980883807,0.01113569879787071,3.246999979019165,30,"{""1"": [26, 33], ""2"": [3, 5, 14, 24, 32, 37, 39, 40, 43], ""3"": [15, 29, 31], ""4"": [6, 8, 11, 16, 19, 21, 23, 27, 36, 42], ""5"": [12, 13, 22, 25, 30, 44]}"
validated,6,15460.401797764698,375.210693,15509.339047403944,0.0031653284487290372,7.441999912261963,30,"{""1"": [26, 33], ""2"": [3, 5, 14, 24, 32, 39, 40, 43, 45], ""3"": [15, 29, 31], ""4"": [6, 8, 11, 16, 19, 21, 23, 27, 36, 42], ""5"": [12, 13, 22, 25, 30, 44]}"
final_result,final,15460.401797764698,375.210693,15460.401783556754,9.189893327488131e-10,8.358999967575073,30,"{""1"": [26, 33], ""2"": [3, 5, 14, 24, 32, 39, 40, 43, 45], ""3"": [15, 29, 31], ""4"": [6, 8, 11, 16, 19, 21, 23, 27, 36, 42], ""5"": [12, 13, 22, 25, 30, 44]}"
