record_type,iteration,objective,delay_cost,bound,gap,runtime_sec,selected_order_count,assignments_json
validated,1,0.0,0.0,1e+100,1e+100,0.0009999275207519531,0,"{""1"": [], ""2"": [], ""3"": []}"
validated,2,10513.340166984479,1926.2264646,22623.58444846967,1.1518931271258153,0.026999950408935547,15,"{""1"": [3, 4, 5, 8, 11], ""2"": [9, 10, 12, 13, 14, 15], ""3"": [1, 2, 6, 7]}"
validated,3,10524.036530292611,1549.9097961000002,11745.73796605804,0.1160867726227343,0.21700000762939453,15,"{""1"": [4, 5, 8, 10, 11], ""2"": [9, 12, 13, 14, 15], ""3"": [1, 2, 3, 6, 7]}"
validated,4,10535.969983125848,921.7348053,11745.73796605804,0.11482264897012105,0.26399993896484375,14,"{""1"": [4, 5, 8, 10, 11], ""2"": [9, 12, 14, 15], ""3"": [1, 2, 3, 6, 7]}"
validated,5,10660.07215846574,702.7822155,11269.793792540442,0.057196764244272856,0.4830000400543213,13,"{""1"": [3, 4, 5, 8, 11], ""2"": [9, 12, 14, 15], ""3"": [1, 2, 6, 7]}"
validated,6,10670.142418206187,344.2338099,10751.789042887747,0.007651877686491637,0.9509999752044678,12,"{""1"": [5, 8, 10, 11], ""2"": [9, 12, 14, 15], ""3"": [1, 2, 6, 7]}"
final_result,final,10670.142418206187,344.2338099,10670.142418206187,0.0,0.9549999237060547,12,"{""1"": [5, 8, 10, 11], ""2"": [9, 12, 14, 15], ""3"": [1, 2, 6, 7]}"
