record_type,iteration,objective,delay_cost,bound,gap,runtime_sec,selected_order_count,assignments_json
validated,1,0.0,0.0,1e+100,1e+100,0.0009999275207519531,0,"{""1"": [], ""2"": [], ""3"": []}"
validated,2,4666.978274699527,1908.1075056,7151.0815262692095,0.5322722981241252,0.0709998607635498,12,"{""1"": [1, 3, 6, 8, 12], ""2"": [9, 10, 14, 15], ""3"": [2, 7, 13]}"
validated,3,4750.017309147788,1332.5893782,7151.0815262692095,0.5054853616001248,0.10299992561340332,11,"{""1"": [3, 6, 8, 12], ""2"": [9, 10, 14, 15], ""3"": [2, 7, 13]}"
validated,4,4873.378193479581,1904.3418179999999,6905.258645619285,0.4169346952917164,0.18199992179870605,12,"{""1"": [1, 3, 6, 10, 12], ""2"": [9, 14, 15], ""3"": [2, 4, 7, 13]}"
validated,5,5466.170831053681,1032.2996148,6905.258645619285,0.263271650126639,0.22799992561340332,11,"{""1"": [1, 3, 6, 10, 12], ""2"": [9, 14, 15], ""3"": [2, 7, 13]}"
validated,6,5529.120321701945,476.8710312,6564.844653662596,0.18732172058101282,0.5320000648498535,10,"{""1"": [3, 6, 10, 12], ""2"": [9, 14, 15], ""3"": [2, 7, 13]}"
validated,7,5805.72345380119,162.9232824,6490.74258319096,0.11799031332456371,0.7539999485015869,10,"{""1"": [1, 3, 10, 12], ""2"": [9, 14, 15], ""3"": [2, 7, 13]}"
validated,8,5948.775469149673,82.00218269999999,6490.74258319096,0.09110565978694722,0.7860000133514404,10,"{""1"": [1, 3, 6, 12], ""2"": [9, 14, 15], ""3"": [2, 7, 13]}"
final_result,final,5948.775469149673,82.00218269999999,5948.775469149674,1.5288771722677455e-16,0.8940000534057617,10,"{""1"": [1, 3, 6, 12], ""2"": [9, 14, 15], ""3"": [2, 7, 13]}"
