record_type,iteration,objective,delay_cost,bound,gap,runtime_sec,selected_order_count,assignments_json
validated,1,0.0,0.0,1e+100,1e+100,0.0009999275207519531,0,"{""1"": [], ""2"": [], ""3"": []}"
validated,2,4634.073244671357,2704.398678,19840.574092371644,3.281454574587483,0.029999971389770508,13,"{""1"": [6, 9], ""2"": [4, 14, 15, 19, 20, 21], ""3"": [2, 8, 12, 16, 17]}"
validated,3,5386.857658430838,4269.4224072,9524.645946211886,0.7681265313006922,0.09299993515014648,15,"{""1"": [9, 10, 24], ""2"": [2, 4, 8, 15, 19, 20, 21], ""3"": [6, 11, 12, 16, 17]}"
validated,4,6624.951476661903,3331.5228861,9524.645946211886,0.4376929370373357,0.1399998664855957,15,"{""1"": [9, 24], ""2"": [2, 4, 8, 15, 19, 20, 21], ""3"": [6, 10, 11, 12, 16, 17]}"
validated,5,8416.392967374804,1071.6360435000001,9047.863876906726,0.07502868651448986,0.28099989891052246,15,"{""1"": [9, 10], ""2"": [2, 4, 8, 15, 18, 19, 21], ""3"": [6, 11, 12, 13, 16, 24]}"
validated,6,8473.279775244006,939.0922062,8953.842985518044,0.0567151354636109,0.43899989128112793,15,"{""1"": [9, 24], ""2"": [2, 4, 8, 15, 18, 19, 21], ""3"": [6, 10, 11, 12, 13, 16]}"
validated,7,8535.232691067109,314.34410280000003,8711.557733032732,0.020658492667711727,0.8339998722076416,14,"{""1"": [9, 24], ""2"": [2, 4, 8, 15, 18, 19, 21], ""3"": [6, 10, 11, 12, 16]}"
final_result,final,8535.232691067109,314.34410280000003,8535.232691067116,8.524615411830977e-16,1.060999870300293,14,"{""1"": [9, 24], ""2"": [2, 4, 8, 15, 18, 19, 21], ""3"": [6, 10, 11, 12, 16]}"
