record_type,iteration,objective,delay_cost,bound,gap,runtime_sec,selected_order_count,assignments_json
validated,1,0.0,0.0,1e+100,1e+100,0.0010001659393310547,0,"{""1"": [], ""2"": [], ""3"": [], ""4"": [], ""5"": []}"
validated,2,12964.691313739877,0.0,31223.0,1.4083103287550018,0.05900001525878906,25,"{""1"": [], ""2"": [5, 7, 8, 11, 17, 18, 20, 21, 23], ""3"": [9, 19], ""4"": [6, 10, 25], ""5"": [1, 2, 3, 4, 12, 13, 14, 15, 16, 22, 24]}"
validated,3,13157.498245393206,204.1712253,13361.669470693208,0.01551748071647953,0.09200000762939453,25,"{""1"": [], ""2"": [5, 7, 8, 11, 17, 18, 20, 23], ""3"": [9, 19], ""4"": [6, 10, 25], ""5"": [1, 2, 3, 4, 12, 13, 14, 15, 16, 21, 22, 24]}"
validated,4,13254.048148176407,98.3715588,13352.41970697641,0.007422001014349559,0.12100005149841309,25,"{""1"": [], ""2"": [5, 7, 8, 11, 14, 17, 18, 20, 23], ""3"": [9, 19], ""4"": [6, 10, 25], ""5"": [1, 2, 3, 4, 12, 13, 15, 16, 21, 22, 24]}"
validated,5,13350.689535163416,0.0,13350.68953516341,4.0874055203402456e-16,0.13900017738342285,25,"{""1"": [], ""2"": [5, 7, 8, 11, 17, 18, 20, 23], ""3"": [9, 19], ""4"": [2, 6, 10, 25], ""5"": [1, 3, 4, 12, 13, 14, 15, 16, 21, 22, 24]}"
final_result,final,13350.689535163416,0.0,13350.68953516341,4.0874055203402456e-16,0.13900017738342285,25,"{""1"": [], ""2"": [5, 7, 8, 11, 17, 18, 20, 23], ""3"": [9, 19], ""4"": [2, 6, 10, 25], ""5"": [1, 3, 4, 12, 13, 14, 15, 16, 21, 22, 24]}"
