record_type,iteration,objective,delay_cost,bound,gap,runtime_sec,selected_order_count,assignments_json
validated,1,0.0,0.0,1e+100,1e+100,0.0009999275207519531,0,"{""1"": [], ""2"": [], ""3"": []}"
validated,2,4589.66866281474,1081.9918683,5845.292763089358,0.2735761974383075,0.029999971389770508,11,"{""1"": [2, 6, 7], ""2"": [1, 4, 12, 13, 15], ""3"": [3, 8, 11]}"
validated,3,4818.574818140237,709.9704537,5843.874753382491,0.2127807440868949,0.18599987030029297,10,"{""1"": [2, 6, 7], ""2"": [1, 3, 9, 12, 13], ""3"": [8, 11]}"
validated,4,4991.915931380165,336.4866594,5763.3101684336025,0.15452869151988358,0.37799978256225586,10,"{""1"": [2, 6, 7], ""2"": [1, 3, 10, 12, 13], ""3"": [8, 11]}"
validated,5,4999.503815468102,115.66492769999999,5763.3101684336025,0.15277643165354501,0.3919999599456787,9,"{""1"": [2, 6, 7], ""2"": [1, 3, 12, 13], ""3"": [8, 11]}"
validated,6,5033.631470552371,186.244647,5622.437445484779,0.1169743908303631,6.181999921798706,11,"{""1"": [2, 6, 7], ""2"": [3, 5, 9, 10, 12, 15], ""3"": [8, 11]}"
validated,7,5036.159690042585,176.1063738,5622.437445484779,0.11641365475391371,6.2149999141693115,11,"{""1"": [2, 6, 7], ""2"": [3, 5, 10, 12, 13, 15], ""3"": [8, 11]}"
validated,8,5135.61689539497,192.2105934,5615.546381022377,0.09345118520381705,7.854999780654907,11,"{""1"": [2, 6, 7], ""2"": [3, 9, 10, 12, 13, 15], ""3"": [8, 11]}"
final_result,final,5135.61689539497,192.2105934,5135.616895394971,1.7709551165867889e-16,11.735999822616577,11,"{""1"": [2, 6, 7], ""2"": [3, 9, 10, 12, 13, 15], ""3"": [8, 11]}"
