record_type,iteration,objective,delay_cost,bound,gap,runtime_sec,selected_order_count,assignments_json
validated,1,0.0,0.0,1e+100,1e+100,0.0010001659393310547,0,"{""1"": [], ""2"": [], ""3"": [], ""4"": [], ""5"": []}"
validated,2,6546.2605001897855,0.0,7586.668837932744,0.15893170424745484,0.12600016593933105,22,"{""1"": [], ""2"": [4, 14, 18, 24, 26, 35, 40], ""3"": [15], ""4"": [6, 8, 11, 19, 21, 23, 31, 33, 38], ""5"": [12, 13, 25, 30, 44]}"
validated,3,6697.945115243491,0.0,7449.3876586220495,0.11219001207824034,0.3960001468658447,23,"{""1"": [], ""2"": [4, 14, 18, 22, 24, 35, 40], ""3"": [15], ""4"": [6, 8, 11, 19, 21, 23, 31, 33, 38], ""5"": [12, 13, 25, 30, 44, 45]}"
validated,4,6828.246585522219,296.1374217,7423.9080592801665,0.08723490962100218,0.4930000305175781,22,"{""1"": [], ""2"": [4, 18, 24, 26, 35, 40, 41], ""3"": [15], ""4"": [6, 8, 11, 19, 21, 23, 29, 31, 33], ""5"": [12, 13, 30, 32, 44]}"
validated,5,6940.37409293657,384.5874291,7388.848706718501,0.06461821910123784,1.690999984741211,23,"{""1"": [], ""2"": [4, 18, 24, 26, 35, 40, 41], ""3"": [15], ""4"": [6, 8, 11, 19, 21, 23, 29, 31, 33], ""5"": [12, 13, 25, 30, 32, 44]}"
validated,6,7044.228972490269,159.981504,7386.87115926634,0.048641545883046505,2.009999990463257,23,"{""1"": [], ""2"": [4, 9, 18, 24, 35, 40, 41], ""3"": [15], ""4"": [6, 8, 11, 19, 21, 29, 31, 33, 38], ""5"": [12, 13, 25, 30, 32, 44]}"
validated,7,7071.064679891921,158.2619052,7383.843860067892,0.044233675455610744,2.818000078201294,23,"{""1"": [], ""2"": [4, 9, 18, 24, 26, 35, 40], ""3"": [15], ""4"": [6, 8, 11, 19, 21, 29, 31, 33, 38], ""5"": [12, 13, 25, 30, 32, 44]}"
final_result,final,7071.064679891921,158.2619052,7071.064679891923,3.858660935570015e-16,35.210999965667725,23,"{""1"": [], ""2"": [4, 9, 18, 24, 26, 35, 40], ""3"": [15], ""4"": [6, 8, 11, 19, 21, 29, 31, 33, 38], ""5"": [12, 13, 25, 30, 32, 44]}"
