record_type,iteration,objective,delay_cost,bound,gap,runtime_sec,selected_order_count,assignments_json
validated,1,0.0,0.0,1e+100,1e+100,0.0009999275207519531,0,"{""1"": [], ""2"": [], ""3"": []}"
validated,2,2278.7356715124406,4414.0258791,11529.257852493743,4.059497684012448,0.021999835968017578,13,"{""1"": [2, 3, 5, 11, 12], ""2"": [1, 4, 7, 8, 13], ""3"": [6, 9, 14]}"
validated,3,4353.976045220526,2705.5597911,7048.410922786954,0.6188446719922079,0.08299994468688965,13,"{""1"": [2, 5, 11, 12], ""2"": [1, 4, 7, 10, 15], ""3"": [3, 6, 8, 9]}"
validated,4,4443.231745964764,2301.8973549,6555.185847677042,0.4753193671768987,0.22899985313415527,13,"{""1"": [2, 11, 12], ""2"": [1, 4, 7, 10, 13, 15], ""3"": [3, 6, 8, 9]}"
validated,5,5328.3004987414715,743.1763644,6555.185847677042,0.2302582876520116,0.2609999179840088,11,"{""1"": [2, 11, 12], ""2"": [1, 7, 10, 13, 15], ""3"": [3, 8, 9]}"
validated,6,5365.81106151598,223.6229394,5966.667021326487,0.11197859054708298,0.8769998550415039,10,"{""1"": [2, 5, 12], ""2"": [1, 4, 7, 10], ""3"": [8, 9, 15]}"
validated,7,5603.853453645026,346.6806555,5966.667021326487,0.06474358594182524,0.9719998836517334,10,"{""1"": [2, 5, 12], ""2"": [4, 7, 10, 15], ""3"": [3, 8, 9]}"
validated,8,5627.113411587066,346.6806555,5966.667021326487,0.06034241446782093,1.0509998798370361,10,"{""1"": [2, 5, 12], ""2"": [1, 4, 7, 10], ""3"": [3, 8, 9]}"
final_result,final,5627.113411587066,346.6806555,5627.113411587066,0.0,1.055999994277954,10,"{""1"": [2, 5, 12], ""2"": [1, 4, 7, 10], ""3"": [3, 8, 9]}"
