record_type,iteration,objective,delay_cost,bound,gap,runtime_sec,selected_order_count,assignments_json
validated,1,0.0,0.0,1e+100,1e+100,0.0,0,"{""1"": [], ""2"": [], ""3"": []}"
validated,2,10513.340172606975,1926.226458977504,22623.58444846967,1.1518931259749907,0.05899977684020996,15,"{""1"": [3, 4, 5, 8, 11], ""2"": [9, 10, 12, 13, 14, 15], ""3"": [1, 2, 6, 7]}"
validated,3,10524.036322339904,1549.9100040527085,11734.586049572643,0.11502713314121163,0.4419999122619629,15,"{""1"": [4, 5, 8, 10, 11], ""2"": [9, 12, 13, 14, 15], ""3"": [1, 2, 3, 6, 7]}"
validated,4,10524.534586641039,1298.7905069766744,11688.579041227129,0.11060293878112486,0.5139999389648438,14,"{""1"": [3, 4, 5, 8, 11], ""2"": [9, 10, 12, 14, 15], ""3"": [1, 2, 6, 7]}"
validated,5,10535.969877794652,921.7349106311963,11688.579041227129,0.10939753784430298,0.5279998779296875,14,"{""1"": [4, 5, 8, 10, 11], ""2"": [9, 12, 14, 15], ""3"": [1, 2, 3, 6, 7]}"
validated,6,10670.142499693804,344.2337284123822,11188.783325281825,0.04860673843886384,0.9099998474121094,12,"{""1"": [5, 8, 10, 11], ""2"": [9, 12, 14, 15], ""3"": [1, 2, 6, 7]}"
final_result,final,10670.142499693804,344.2337284123822,10670.142499693806,1.7047470580623034e-16,0.9529998302459717,12,"{""1"": [5, 8, 10, 11], ""2"": [9, 12, 14, 15], ""3"": [1, 2, 6, 7]}"
