record_type,iteration,objective,delay_cost,bound,gap,runtime_sec,selected_order_count,assignments_json
validated,1,0.0,0.0,1e+100,1e+100,0.0009999275207519531,0,"{""1"": [], ""2"": [], ""3"": []}"
validated,2,10250.425236328656,1064.0378397,21939.37745712501,1.140338273905886,0.0279998779296875,14,"{""1"": [3, 4, 5, 8, 11], ""2"": [9, 10, 12, 13, 15], ""3"": [1, 2, 6, 7]}"
validated,3,10332.21477416397,2039.4824226,12371.697196763975,0.19739063377774493,0.04500007629394531,15,"{""1"": [3, 4, 5, 10, 11], ""2"": [9, 12, 13, 14, 15], ""3"": [1, 2, 6, 7, 8]}"
validated,4,10513.340166984479,1926.2264646,11791.208918605022,0.12154736090757266,0.20099997520446777,15,"{""1"": [3, 4, 5, 8, 11], ""2"": [9, 10, 12, 13, 14, 15], ""3"": [1, 2, 6, 7]}"
validated,5,10640.054676461525,799.1145603,11277.733824914148,0.059931942818238555,0.6289999485015869,13,"{""1"": [4, 5, 8, 10, 11], ""2"": [9, 12, 14, 15], ""3"": [1, 2, 6, 7]}"
validated,6,10660.07215846574,702.7822155,11011.138973593075,0.03293287417839228,0.7569999694824219,13,"{""1"": [3, 4, 5, 8, 11], ""2"": [9, 12, 14, 15], ""3"": [1, 2, 6, 7]}"
validated,7,10670.142418206186,344.2338099,10758.569359051442,0.008287325265160086,0.8210000991821289,12,"{""1"": [5, 8, 10, 11], ""2"": [9, 12, 14, 15], ""3"": [1, 2, 6, 7]}"
final_result,final,10670.142418206186,344.2338099,10670.142418206187,1.7047470710814153e-16,0.8399999141693115,12,"{""1"": [5, 8, 10, 11], ""2"": [9, 12, 14, 15], ""3"": [1, 2, 6, 7]}"
