record_type,iteration,objective,delay_cost,bound,gap,runtime_sec,selected_order_count,assignments_json
validated,1,0.0,0.0,1e+100,1e+100,0.0,0,"{""1"": [], ""2"": [], ""3"": []}"
validated,2,4005.2662263813118,702.6831027,11880.463437933355,1.9662106752556987,0.07200002670288086,11,"{""1"": [2, 6, 7], ""2"": [4, 9, 10, 12, 13, 15], ""3"": [1, 3]}"
validated,3,4746.711194318526,710.6472570000001,5657.440978878375,0.1918654300371017,0.08699989318847656,11,"{""1"": [2, 6, 7], ""2"": [1, 9, 10, 12, 15], ""3"": [3, 8, 11]}"
validated,4,4991.915931380165,336.4866594,5612.241201121153,0.12426596887209207,0.21300005912780762,10,"{""1"": [2, 6, 7], ""2"": [1, 3, 10, 12, 13], ""3"": [8, 11]}"
validated,5,5000.2201574509545,205.451595,5479.0005875687275,0.09575186992603318,0.500999927520752,9,"{""1"": [2, 6, 7], ""2"": [1, 3, 4, 15], ""3"": [8, 11]}"
validated,6,5117.021478723812,27.5267706,5400.99970937592,0.05549678300801908,1.0199999809265137,9,"{""1"": [2, 6, 7], ""2"": [1, 3, 4, 12], ""3"": [8, 11]}"
validated,7,5135.61689539497,192.2105934,5300.300718194968,0.0320669991851743,3.621999979019165,11,"{""1"": [2, 6, 7], ""2"": [3, 9, 10, 12, 13, 15], ""3"": [8, 11]}"
final_result,final,5135.61689539497,192.2105934,5135.616895394971,1.7709551165867889e-16,3.6589999198913574,11,"{""1"": [2, 6, 7], ""2"": [3, 9, 10, 12, 13, 15], ""3"": [8, 11]}"
