record_type,iteration,objective,delay_cost,bound,gap,runtime_sec,selected_order_count,assignments_json
validated,1,0.0,0.0,1e+100,1e+100,0.0,0,"{""1"": [], ""2"": [], ""3"": []}"
validated,2,1278.3244541953886,338.4559035,10739.174382319192,7.400977034487472,0.05200004577636719,2,"{""1"": [], ""2"": [], ""3"": [12, 17]}"
validated,3,5879.613227560684,3489.0201219,10507.362419063267,0.7870839479389581,0.4159998893737793,14,"{""1"": [9], ""2"": [2, 4, 8, 14, 18, 19, 25], ""3"": [6, 10, 12, 16, 17, 24]}"
validated,4,6318.716818409814,3589.4687706000004,10322.786999563328,0.6336840684943356,0.75,15,"{""1"": [9, 24], ""2"": [4, 8, 15, 18, 19, 21, 25], ""3"": [6, 10, 11, 12, 13, 17]}"
validated,5,6597.742982193927,3119.0621067,10234.0314670304,0.5511412758348021,0.8289999961853027,15,"{""1"": [9, 24], ""2"": [2, 4, 8, 14, 19, 20, 21], ""3"": [6, 10, 11, 12, 13, 17]}"
validated,6,8458.91593285214,975.2942991,10234.0314670304,0.20985142165607668,0.9070000648498535,15,"{""1"": [9, 24], ""2"": [2, 4, 8, 15, 19, 20, 21], ""3"": [6, 10, 11, 12, 13, 16]}"
validated,7,8473.279775244006,939.0922062,9497.364867608163,0.120860530931149,8.73199987411499,15,"{""1"": [9, 24], ""2"": [2, 4, 8, 15, 18, 19, 21], ""3"": [6, 10, 11, 12, 13, 16]}"
validated,8,8535.232691067109,314.34410280000003,9241.603152120939,0.08275936774320285,11.713000059127808,14,"{""1"": [9, 24], ""2"": [2, 4, 8, 15, 18, 19, 21], ""3"": [6, 10, 11, 12, 16]}"
final_result,final,8535.232691067109,314.34410280000003,8535.232691067115,6.393461558873233e-16,39.75699996948242,14,"{""1"": [9, 24], ""2"": [2, 4, 8, 15, 18, 19, 21], ""3"": [6, 10, 11, 12, 16]}"
