record_type,iteration,objective,delay_cost,bound,gap,runtime_sec,selected_order_count,assignments_json
validated,1,0.0,0.0,1e+100,1e+100,0.0009999275207519531,0,"{""1"": [], ""2"": [], ""3"": []}"
validated,2,10513.340166984479,1926.2264646,21939.37745712501,1.0868132400036135,0.020999908447265625,15,"{""1"": [3, 4, 5, 8, 11], ""2"": [9, 10, 12, 13, 14, 15], ""3"": [1, 2, 6, 7]}"
validated,3,10628.12122362829,1427.2895511000002,11514.636763680828,0.08341225334179002,0.5709998607635498,14,"{""1"": [4, 5, 8, 10, 11], ""2"": [9, 12, 13, 14, 15], ""3"": [1, 2, 6, 7]}"
validated,4,10640.054676461525,799.1145603,11514.636763680828,0.08219714219646812,0.6189999580383301,13,"{""1"": [4, 5, 8, 10, 11], ""2"": [9, 12, 14, 15], ""3"": [1, 2, 6, 7]}"
validated,5,10660.072158465739,702.7822155,11044.053485442306,0.036020518554522825,0.9529998302459717,13,"{""1"": [3, 4, 5, 8, 11], ""2"": [9, 12, 14, 15], ""3"": [1, 2, 6, 7]}"
validated,6,10670.142418206184,344.2338099,10670.14241820619,5.114241213244247e-16,1.0169999599456787,12,"{""1"": [5, 8, 10, 11], ""2"": [9, 12, 14, 15], ""3"": [1, 2, 6, 7]}"
final_result,final,10670.142418206184,344.2338099,10670.14241820619,5.114241213244247e-16,1.0179998874664307,12,"{""1"": [5, 8, 10, 11], ""2"": [9, 12, 14, 15], ""3"": [1, 2, 6, 7]}"
