record_type,iteration,objective,delay_cost,bound,gap,runtime_sec,selected_order_count,assignments_json
validated,1,0.0,0.0,1e+100,1e+100,0.0,0,"{""1"": [], ""2"": [], ""3"": []}"
validated,2,3338.852357095132,1954.0513572,12997.044005571159,2.892668083376662,0.03099989891052246,11,"{""1"": [3, 12], ""2"": [1, 2, 6, 8], ""3"": [4, 7, 10, 11, 13]}"
validated,3,4331.229594360958,2335.6330694999997,6242.29299875863,0.4412288387772794,0.09500002861022949,13,"{""1"": [3, 12], ""2"": [1, 6, 8, 9, 15], ""3"": [2, 5, 7, 10, 11, 14]}"
validated,4,4910.206692903266,734.1120549,6242.29299875863,0.27128925301263423,0.15899991989135742,11,"{""1"": [3, 12], ""2"": [1, 6, 8, 15], ""3"": [2, 5, 10, 11, 14]}"
validated,5,5298.036052219427,849.6329175,6242.29299875863,0.17822773141448142,0.26799988746643066,12,"{""1"": [3, 12], ""2"": [1, 6, 8, 9, 15], ""3"": [2, 5, 10, 11, 14]}"
validated,6,5522.29191889993,282.11877,6156.727587746715,0.11488629687891747,0.36500000953674316,11,"{""1"": [3, 12], ""2"": [1, 6, 8, 9, 15], ""3"": [2, 10, 11, 14]}"
validated,7,5809.481573368821,115.5208626,6119.831081329179,0.05342120532459003,0.41300010681152344,11,"{""1"": [3, 12], ""2"": [1, 6, 8, 9, 15], ""3"": [2, 7, 10, 14]}"
final_result,final,5809.481573368821,115.5208626,5809.48157336882,1.5655350486730737e-16,0.9519999027252197,11,"{""1"": [3, 12], ""2"": [1, 6, 8, 9, 15], ""3"": [2, 7, 10, 14]}"
