record_type,iteration,objective,delay_cost,bound,gap,runtime_sec,selected_order_count,assignments_json
validated,1,0.0,0.0,1e+100,1e+100,0.0010001659393310547,0,"{""1"": [], ""2"": [], ""3"": []}"
validated,2,4981.449584340939,0.0,13855.3623279546,1.7813916598711712,0.023000001907348633,9,"{""1"": [1, 3, 8], ""2"": [9, 14, 15], ""3"": [2, 4, 11]}"
validated,3,5114.047841246489,1280.6123079,6387.578220967456,0.24902590262248292,0.0690000057220459,12,"{""1"": [1, 3, 6, 10], ""2"": [9, 13, 14, 15], ""3"": [2, 7, 11, 12]}"
validated,4,5382.99909542771,59.2968492,6309.785879849174,0.17216922536893456,0.13000011444091797,9,"{""1"": [1, 3, 6], ""2"": [9, 14, 15], ""3"": [2, 7, 11]}"
validated,5,5478.604456640054,38.7351579,6309.785879849174,0.15171407788013067,0.14700007438659668,9,"{""1"": [1, 3, 6], ""2"": [9, 14, 15], ""3"": [2, 7, 13]}"
validated,6,5687.907029355243,551.2412661,6069.175387045067,0.06703139761639923,0.17799997329711914,11,"{""1"": [1, 3, 6, 10], ""2"": [9, 14, 15], ""3"": [2, 7, 11, 12]}"
validated,7,5948.775469149673,82.00218269999999,6028.875904419456,0.013465029178724823,0.2239999771118164,10,"{""1"": [1, 3, 6, 12], ""2"": [9, 14, 15], ""3"": [2, 7, 13]}"
final_result,final,5948.775469149673,82.00218269999999,5948.775469149671,3.057754344535491e-16,0.25100016593933105,10,"{""1"": [1, 3, 6, 12], ""2"": [9, 14, 15], ""3"": [2, 7, 13]}"
