record_type,iteration,objective,delay_cost,bound,gap,runtime_sec,selected_order_count,assignments_json
validated,1,0.0,0.0,1e+100,1e+100,0.0,0,"{""1"": [], ""2"": [], ""3"": []}"
validated,2,5063.907965247402,349.72668780000004,17056.496298177644,2.368247688392641,0.013000011444091797,9,"{""1"": [3, 4, 18], ""2"": [2, 15], ""3"": [1, 7, 8, 14]}"
validated,3,5320.913743023542,795.579408,6633.667660954605,0.24671588026629174,0.09200000762939453,11,"{""1"": [5, 8, 11, 18], ""2"": [2, 9, 15, 16], ""3"": [1, 7, 14]}"
validated,4,5483.070931110384,906.9930357,6633.667660954605,0.20984531192471956,0.10899996757507324,12,"{""1"": [5, 8, 11, 18, 20], ""2"": [2, 15, 16], ""3"": [1, 7, 13, 14]}"
validated,5,5584.611462809029,180.624168,6583.1314059071465,0.17879846247994258,0.1549999713897705,10,"{""1"": [3, 5, 18], ""2"": [2, 9, 15], ""3"": [1, 7, 11, 13]}"
validated,6,5896.766678578425,321.4030548,6583.1314059071465,0.1163967924696977,0.1700000762939453,11,"{""1"": [3, 5, 8, 18], ""2"": [2, 9, 15], ""3"": [1, 7, 11, 13]}"
validated,7,6058.0213547582935,321.4030548,6419.862947389356,0.05972933594016683,0.2669999599456787,11,"{""1"": [3, 5, 8, 18], ""2"": [2, 9, 15], ""3"": [1, 7, 11, 14]}"
validated,8,6098.3882784660545,241.19188680000002,6307.907766102646,0.03435653455789672,0.3269999027252197,11,"{""1"": [3, 5, 8, 18], ""2"": [9, 15, 16], ""3"": [1, 7, 11, 14]}"
final_result,final,6098.3882784660545,241.19188680000002,6098.388278466065,1.6405058619879574e-15,0.6119999885559082,11,"{""1"": [3, 5, 8, 18], ""2"": [9, 15, 16], ""3"": [1, 7, 11, 14]}"
