record_type,iteration,objective,delay_cost,bound,gap,runtime_sec,selected_order_count,assignments_json
validated,1,0.0,0.0,1e+100,1e+100,0.0009999275207519531,0,"{""1"": [], ""2"": [], ""3"": [], ""4"": [], ""5"": [], ""6"": [], ""7"": []}"
validated,2,1602.4917906640298,802.0071543676372,32067.2939101177,19.01089434400776,232.01699995994568,10,"{""1"": [], ""2"": [], ""3"": [], ""4"": [17, 20, 23, 27, 37, 40, 42, 50, 58, 69], ""5"": [], ""6"": [], ""7"": []}"
validated,3,4928.965323749054,0.0,32007.956658077037,5.4938490242271065,233.07399988174438,10,"{""1"": [], ""2"": [69], ""3"": [37, 40, 42, 50], ""4"": [], ""5"": [], ""6"": [17, 20, 23, 27, 58], ""7"": []}"
validated,4,7185.464559019837,170.1286997415793,31877.334664689046,3.4363637734005335,1146.470999956131,18,"{""1"": [6], ""2"": [69], ""3"": [37, 40, 42, 50], ""4"": [11, 12, 19, 36, 51, 55, 64], ""5"": [], ""6"": [17, 20, 23, 27, 58], ""7"": []}"
validated,5,8613.040028122756,958.9543359831603,31864.369366060866,2.6995496667865626,1146.5590000152588,18,"{""1"": [], ""2"": [11, 64, 69], ""3"": [6, 36, 37, 40, 42, 50, 55], ""4"": [51], ""5"": [], ""6"": [12, 17, 19, 20, 23, 27, 58], ""7"": []}"
validated,6,9658.5554143911,958.9543359831603,31863.148978989404,2.298955963074333,1364.4349999427795,25,"{""1"": [], ""2"": [11, 64, 69], ""3"": [6, 36, 37, 40, 42, 50, 55], ""4"": [3, 13, 33, 51], ""5"": [], ""6"": [12, 17, 19, 20, 23, 27, 58], ""7"": [7, 8, 18, 34]}"
validated,7,14862.260767034051,744.1756713725334,31817.792455353356,1.1408447176440568,1546.6570000648499,34,"{""1"": [6, 7, 22, 34], ""2"": [11, 64, 69, 70], ""3"": [4, 36, 37, 40, 42, 50, 55, 63], ""4"": [3, 13, 33, 51], ""5"": [67], ""6"": [2, 9, 12, 17, 19, 20, 23, 27, 58], ""7"": [8, 18, 24, 25]}"
final_result,final,14862.260767034051,744.1756713725334,31814.426343861076,1.1406182304665644,2093.121999979019,34,"{""1"": [6, 7, 22, 34], ""2"": [11, 64, 69, 70], ""3"": [4, 36, 37, 40, 42, 50, 55, 63], ""4"": [3, 13, 33, 51], ""5"": [67], ""6"": [2, 9, 12, 17, 19, 20, 23, 27, 58], ""7"": [8, 18, 24, 25]}"
