record_type,iteration,objective,delay_cost,bound,gap,runtime_sec,selected_order_count,assignments_json
validated,1,0.0,0.0,1e+100,1e+100,0.0010001659393310547,0,"{""1"": [], ""2"": [], ""3"": []}"
validated,2,3034.811219816861,3921.4011939,32287.42744761869,9.639023355649487,0.10100007057189941,14,"{""1"": [5, 12, 13, 14], ""2"": [2, 6, 9, 22], ""3"": [1, 3, 4, 7, 8, 11]}"
validated,3,8383.04594222319,1886.6342334,11226.287373322728,0.33916567446909485,0.11800003051757812,14,"{""1"": [8, 12, 14, 23], ""2"": [5, 7, 13, 24, 25], ""3"": [1, 4, 16, 19, 21]}"
validated,4,8496.47864148928,1977.0254868,11148.11112323434,0.312086052779187,0.21399998664855957,14,"{""1"": [8, 12, 23, 25], ""2"": [5, 7, 13, 14, 18], ""3"": [10, 16, 19, 21, 24]}"
validated,5,8546.468818523746,1945.9928943,10891.033668918391,0.27433141103996067,0.692000150680542,14,"{""1"": [8, 12, 14, 23], ""2"": [5, 7, 13, 18, 25], ""3"": [10, 16, 19, 21, 24]}"
validated,6,8983.019663674084,794.3733339,10732.986100702561,0.19480826075724467,1.1080000400543213,13,"{""1"": [8, 12, 23], ""2"": [5, 7, 13, 18, 25], ""3"": [10, 16, 19, 21, 24]}"
validated,7,9010.392572693525,735.014673,10723.483582514662,0.19012390370345802,1.4750001430511475,13,"{""1"": [8, 12, 23], ""2"": [5, 7, 13, 24, 25], ""3"": [1, 10, 16, 19, 21]}"
validated,8,9099.804993188694,75.3309108,10192.683861894444,0.12009915262181789,6.466000080108643,12,"{""1"": [8, 12, 23], ""2"": [5, 7, 24, 25], ""3"": [1, 10, 16, 19, 21]}"
final_result,final,9099.804993188694,75.3309108,9099.804993188694,0.0,43.646000146865845,12,"{""1"": [8, 12, 23], ""2"": [5, 7, 24, 25], ""3"": [1, 10, 16, 19, 21]}"
