record_type,iteration,objective,delay_cost,bound,gap,runtime_sec,selected_order_count,assignments_json
validated,1,0.0,0.0,1e+100,1e+100,0.0,0,"{""1"": [], ""2"": [], ""3"": []}"
validated,2,5532.21280082904,2987.0500437000005,8862.407221760473,0.6019642665286449,0.03699994087219238,14,"{""1"": [2, 9, 10, 13, 15, 25], ""2"": [14, 17], ""3"": [3, 6, 18, 19, 21, 23]}"
validated,3,5858.376977248028,2150.4486039,8510.751366319291,0.45274901211926033,0.25999999046325684,14,"{""1"": [9, 10, 13, 15, 25], ""2"": [8, 12, 14], ""3"": [3, 6, 18, 19, 20, 21]}"
validated,4,6455.667328473763,1106.0254467,8453.885382524513,0.3095292790626443,0.4330000877380371,13,"{""1"": [9, 10, 13, 15, 25], ""2"": [8, 14], ""3"": [3, 6, 18, 19, 20, 21]}"
validated,5,6631.586908008954,746.0651445000001,8095.578317897523,0.22076034442382256,4.648999929428101,13,"{""1"": [9, 10, 13, 15, 20], ""2"": [8, 14], ""3"": [3, 6, 18, 19, 21, 23]}"
validated,6,6897.915069063439,159.106563,8095.578317897523,0.1736268476550983,5.406000137329102,12,"{""1"": [9, 10, 13, 15], ""2"": [8, 14], ""3"": [3, 6, 18, 19, 20, 21]}"
validated,7,6902.87651347775,355.430619,7356.030438441302,0.06564711451505414,8.04200005531311,13,"{""1"": [2, 9, 13, 15, 25], ""2"": [8, 14], ""3"": [3, 6, 18, 19, 20, 21]}"
final_result,final,6902.87651347775,355.430619,6902.876513477764,1.9763384872896577e-15,12.131999969482422,13,"{""1"": [2, 9, 13, 15, 25], ""2"": [8, 14], ""3"": [3, 6, 18, 19, 20, 21]}"
