record_type,iteration,objective,delay_cost,bound,gap,runtime_sec,selected_order_count,assignments_json
validated,1,0.0,0.0,1e+100,1e+100,0.0,0,"{""1"": [], ""2"": [], ""3"": []}"
validated,2,5411.520411402285,1097.5101473999998,17811.247772498282,2.2913574039135627,0.026000022888183594,14,"{""1"": [3, 5, 15], ""2"": [1, 2, 4, 7, 12, 17], ""3"": [6, 8, 10, 14, 20]}"
validated,3,6109.2361354181485,0.0,7941.996533696519,0.299998290727868,0.04199981689453125,12,"{""1"": [3, 11], ""2"": [1, 2, 4, 7, 17], ""3"": [6, 8, 10, 14, 16]}"
validated,4,6164.931354950125,126.2974518,7941.996533696519,0.2882538468687898,0.10599994659423828,13,"{""1"": [3, 11], ""2"": [1, 2, 4, 7, 17], ""3"": [6, 8, 10, 12, 14, 16]}"
validated,5,6477.098956640414,126.2974518,7941.996533696519,0.22616569344741458,0.1380000114440918,14,"{""1"": [3, 5, 11], ""2"": [1, 2, 4, 7, 17], ""3"": [6, 8, 10, 12, 14, 16]}"
validated,6,6902.425046406269,242.05627170000002,7744.974243270855,0.12206567854050915,0.1699998378753662,15,"{""1"": [2, 3, 11], ""2"": [1, 4, 5, 7, 12, 13, 17], ""3"": [6, 10, 14, 16, 19]}"
validated,7,7192.2931394064435,288.440982,7666.9203618675365,0.06599108424274576,0.21700000762939453,15,"{""1"": [2, 3, 11], ""2"": [1, 4, 5, 7, 12, 13, 17], ""3"": [6, 8, 10, 16, 19]}"
validated,8,7213.492423683022,191.5190781,7569.842889948619,0.04940054627293191,0.3269999027252197,15,"{""1"": [2, 3, 5, 11], ""2"": [1, 4, 7, 12, 13, 17], ""3"": [6, 8, 10, 16, 19]}"
final_result,final,7213.492423683022,191.5190781,7213.492423683024,2.5216487336617006e-16,0.7409999370574951,15,"{""1"": [2, 3, 5, 11], ""2"": [1, 4, 7, 12, 13, 17], ""3"": [6, 8, 10, 16, 19]}"
